<?xml version="1.0"?>
<Devices>     
    <Device type="dimmer" id="masqDimmer">
        <Name>Dimmer Device</Name>
        <ConfigUI>
            <SupportURL>https://github.com/siclarkplugins/CCT-LED/</SupportURL>
			<Field id="SupportsOnState" type="checkbox" defaultValue="true" hidden="true" />
			<Field id="SupportsStatusRequest" type="checkbox" defaultValue="false" hidden="true" />

			<Field type="checkbox" id="SupportsWhite" defaultValue="true">
				<Label>Supports White:</Label>
				<Description>Shows White level fields in UI</Description>
			</Field>
			<Field type="checkbox" id="SupportsTwoWhiteLevels" defaultValue="false" enabledBindingId="SupportsWhite">
				<Label>Supports White 2:</Label>
				<Description>Shows Two White level fields in UI</Description>
			</Field>

			<Field type="textfield" id="deviceClass" defaultValue="Plugin" hidden="true" />

			<Field type="menu" id="baseWarmDevice">
				<Label>Warm white device:</Label>
				<List class="indigo.devices" filter="indigo.dimmer,indigo.zwave" />
                <CallbackMethod>menuChanged</CallbackMethod>
			</Field>
			<Field type="menu" id="masqWarmState">
				<Label>Birghtness state:</Label>
                <List method="getStateList" dynamicReload="true" class="self" filter="" />
                <CallbackMethod>menuChanged</CallbackMethod>
			</Field>

			<Field type="menu" id="baseCoolDevice">
				<Label>Cool white device:</Label>
				<List class="indigo.devices" filter="indigo.dimmer,indigo.zwave" />
                <CallbackMethod>menuChanged</CallbackMethod>
			</Field>
			<Field type="menu" id="masqCoolState">
				<Label>Brightness state:</Label>
                <List method="getStateList" dynamicReload="true" class="self" filter="" />
                <CallbackMethod>menuChanged</CallbackMethod>
			</Field>

			<Field type="menu" id="baseBrightDevice">
				<Label>Brightness device:</Label>
				<List class="indigo.devices" filter="indigo.dimmer,indigo.zwave" />
                <CallbackMethod>menuChanged</CallbackMethod>
			</Field>
			<Field type="menu" id="masqBrightState">
				<Label>Brightness state:</Label>
                <List method="getStateList" dynamicReload="true" class="self" filter="" />
                <CallbackMethod>menuChanged</CallbackMethod>
			</Field>

            <Field id = "showStateSettings" type = "checkbox" >
                <Label>Advanced State Settings:</Label>
                <Description>Show/Hide</Description>
            </Field>
            <Field id="sep1" type="separator"/>
        </ConfigUI>
    </Device>
</Devices>
